Id,Gross,Tax,PRSI,USC,FORSA,Total Deduction,Net
51087,90698.0,26079.2,71.51188461538462,3758.7,37.12,29946.531884615386,60751.46811538462
51087,90698.0,26079.2,71.51188461538462,3758.7,37.12,29946.531884615386,60751.46811538462
51087,90698.0,26079.2,71.51188461538462,3758.7,37.12,29946.531884615386,60751.46811538462
